Label,# Samples,Average,Median,90% Line,95% Line,99% Line,Min,Max,Error %,Throughput,Received KB/sec,Sent KB/sec
HTTP Request,400,4750,1967,13876,14463,15922,82,17547,18.750%,15.90331,2081.06,4.86
TOTAL,400,4750,1967,13876,14463,15922,82,17547,18.750%,15.90331,2081.06,4.86
