Label,# Samples,Average,Median,90% Line,95% Line,99% Line,Min,Max,Error %,Throughput,Received KB/sec,Sent KB/sec
HTTP Request,2000,10110,5792,28102,31799,37293,1381,42798,11.550%,35.10188,4785.31,10.73
TOTAL,2000,10110,5792,28102,31799,37293,1381,42798,11.550%,35.10188,4785.31,10.73
