Label,# Samples,Average,Median,90% Line,95% Line,99% Line,Min,Max,Error %,Throughput,Received KB/sec,Sent KB/sec
HTTP Request,2000,10827,6838,24197,29368,31934,1630,34574,11.700%,32.86555,3830.78,10.05
TOTAL,2000,10827,6838,24197,29368,31934,1630,34574,11.700%,32.86555,3830.78,10.05
