Label,# Samples,Average,Median,90% Line,95% Line,99% Line,Min,Max,Error %,Throughput,Received KB/sec,Sent KB/sec
HTTP Request,2000,10723,6159,25526,29192,31332,295,32294,12.850%,31.19687,6853.11,9.54
TOTAL,2000,10723,6159,25526,29192,31332,295,32294,12.850%,31.19687,6853.11,9.54
